-- pharmacy
INSERT INTO warehouse.pharmacy (id, name, phone, login, password) VALUES (1, 'Альфа-аптека', '438(954)350-11-81', 'doHchRuYKR', 'AnCB2COBY1')
INSERT INTO warehouse.pharmacy (id, name, phone, login, password) VALUES (2, 'Аптека Adel', '31(49)216-86-02', 'bWnhpxfCve', 'hpcfoqkTxs')
INSERT INTO warehouse.pharmacy (id, name, phone, login, password) VALUES (3, 'Аптека для лидчан', '86(6282)152-26-30', 'LyxDqVEwfd', 'U47azP1jQn')
INSERT INTO warehouse.pharmacy (id, name, phone, login, password) VALUES (4, 'Аптекарь', '949(89)104-96-52', 'qhYnnmguZc', 'YaXrMnKBCp')
INSERT INTO warehouse.pharmacy (id, name, phone, login, password) VALUES (5, 'Аптеки Софи', '3(0019)808-12-55', 'fyrjuxCzkM', '4EUd0BLkvn')
INSERT INTO warehouse.pharmacy (id, name, phone, login, password) VALUES (6, 'Аптечное дело', '34(3562)728-78-39', 'ejkQYukepu', 'CQQck2pEws')
INSERT INTO warehouse.pharmacy (id, name, phone, login, password) VALUES (7, 'Бальзам', '7(1700)918-13-46', 'eSGxLQyfNL', 'Vr8H36SoGR')
INSERT INTO warehouse.pharmacy (id, name, phone, login, password) VALUES (8, 'БелЛекоЦентр', '715(62)904-87-31', 'QaHJeRwFEw', 'wicaKzQPGw')
INSERT INTO warehouse.pharmacy (id, name, phone, login, password) VALUES (9, 'Беллерофон', '486(677)786-82-05', 'zZtImGTXyx', 'AX5cnsJYQO')
INSERT INTO warehouse.pharmacy (id, name, phone, login, password) VALUES (10, 'Белфарм', '8(583)127-60-40', 'aLWnqEUklv', 'iXQ2AOHpp4')
INSERT INTO warehouse.pharmacy (id, name, phone, login, password) VALUES (11, 'Белфармация', '2(181)596-37-21', 'VxPqfAYuwi', 'n2VcylYdgO')
INSERT INTO warehouse.pharmacy (id, name, phone, login, password) VALUES (12, 'Беролина', '3(0135)631-90-70', 'ppsPzLcRRh', 'kEraYRZqEZ')
INSERT INTO warehouse.pharmacy (id, name, phone, login, password) VALUES (13, 'Брестское РУП Фармация', '72(2463)228-50-17', 'RnlWzlqrMN', '7qN6WC5Bmf')
INSERT INTO warehouse.pharmacy (id, name, phone, login, password) VALUES (14, 'Бризфарм', '4(167)640-73-04', 'atltWMhbjm', 'hnXKcpv7RJ')
INSERT INTO warehouse.pharmacy (id, name, phone, login, password) VALUES (15, 'Веди-мед', '61(4410)420-38-04', 'QTUqfmeaNK', 'nSeit08vcE')
INSERT INTO warehouse.pharmacy (id, name, phone, login, password) VALUES (16, 'Вест', '19(3570)109-51-49', 'JQUMOBEBsM', 'oo61jCfUQc')
INSERT INTO warehouse.pharmacy (id, name, phone, login, password) VALUES (17, 'Витафарм', '561(72)158-43-99', 'vAuyXhFycF', 'JvUJQEjlOb')
INSERT INTO warehouse.pharmacy (id, name, phone, login, password) VALUES (18, 'Минская Фармация', '098(554)746-26-01', 'MPnfhAtvqH', 'NZLEPCt4jJ')
INSERT INTO warehouse.pharmacy (id, name, phone, login, password) VALUES (19, 'Минское райпо', '67(647)632-16-11', 'CCkXZzLneU', 'N40cnhYB3Y')
INSERT INTO warehouse.pharmacy (id, name, phone, login, password) VALUES (20, 'Мир лекарств', '20(659)275-99-19', 'oPiYzuMPqe', 'KmvH3cP4Qu')
INSERT INTO warehouse.pharmacy (id, name, phone, login, password) VALUES (21, 'Никамаксвит', '5(803)870-10-28', 'OUKQfRVMou', 'RaNouYiF40')
INSERT INTO warehouse.pharmacy (id, name, phone, login, password) VALUES (22, 'Новамедика', '3(437)871-14-60', 'AxvYXWRGMX', 'bNWw5lxgoY')
INSERT INTO warehouse.pharmacy (id, name, phone, login, password) VALUES (23, 'Олана плюс', '89(364)983-78-57', 'kCtyBeaJAj', 'qzijBkPbJ3')
INSERT INTO warehouse.pharmacy (id, name, phone, login, password) VALUES (24, 'Пакт-М', '3(3737)451-67-63', 'nAggfEYJkn', 'LasN8hNctS')
INSERT INTO warehouse.pharmacy (id, name, phone, login, password) VALUES (25, 'Партнер Медитек', '017(530)283-97-87', 'abzRFHRuIJ', '6lqIxauEtd')
INSERT INTO warehouse.pharmacy (id, name, phone, login, password) VALUES (26, 'Планета здоровья', '261(0845)611-25-83', 'ggWkZdizLt', 'fPg8VVwyWn')

--providers
INSERT INTO warehouse.providers (id, name, phone, login, password) VALUES (1, '«Академфарм» ГП', '778964499', 'cUjrfUxRBS', 'cQDiYopXZB')
INSERT INTO warehouse.providers (id, name, phone, login, password) VALUES (2, '«АконитФарма» СООО', '560401484', 'ehxKDIUHRa', 'L595KGp4Ja')
INSERT INTO warehouse.providers (id, name, phone, login, password) VALUES (3, '«АмантисМед» ООО', '558777620', 'jzVTUXEWNe', 'n8VT8qKUwZ')
INSERT INTO warehouse.providers (id, name, phone, login, password) VALUES (4, '«АмелияБел» ООО', '294781982', 'xcopAGnstu', 'tlcVwX4xVj')
INSERT INTO warehouse.providers (id, name, phone, login, password) VALUES (5, '«Аматег», ОДО', '592456912', 'pYyGfAMscd', 'fjmFIIKxjO')
INSERT INTO warehouse.providers (id, name, phone, login, password) VALUES (6, '«БелАсептика», ЗАО', '473959125', 'ubpbklFrXm', 'QA7HCoRUM9')
INSERT INTO warehouse.providers (id, name, phone, login, password) VALUES (7, '«Биотерра», ООО', '761018276', 'oIDztzwRVF', 'cswe3YcxfB')
INSERT INTO warehouse.providers (id, name, phone, login, password) VALUES (8, '«Биотест», НПК', '353037915', 'oIAQKLnENi', 'qKvZhjaBdP')
INSERT INTO warehouse.providers (id, name, phone, login, password) VALUES (9, '«Галасар», ИООО', '732235418', 'jUVIeskaAT', 'QLMGcZ2B5e')
INSERT INTO warehouse.providers (id, name, phone, login, password) VALUES (10, '"Лента" ОАО', '395865864', 'gQDEKkBkaU', 'ZScFyV8TL1')
INSERT INTO warehouse.providers (id, name, phone, login, password) VALUES (11, '«Медпласт», ОАО', '296954318', 'pvheAXKGuI', 'aRpSlERG2f')
INSERT INTO warehouse.providers (id, name, phone, login, password) VALUES (12, '«Ника Фармацевтика», ООО', '946355438', 'mDFlaMufPJ', 'mG5eOyfW25')
INSERT INTO warehouse.providers (id, name, phone, login, password) VALUES (13, '«Пинский завод искусственных кож», ОАО', '017968891', 'kMfSVwyPmv', 'Qqoezitr39')
INSERT INTO warehouse.providers (id, name, phone, login, password) VALUES (14, '«Падис’С», ООО ', '896093308', 'fiJqMOqGXx', 'TsZJZwh4xX')
INSERT INTO warehouse.providers (id, name, phone, login, password) VALUES (15, 'Актива', '573236098', 'xkiinOnVeQ', '8IckyAPUDL')
INSERT INTO warehouse.providers (id, name, phone, login, password) VALUES (16, 'Биотех', '353912766', 'aRxXShnfjZ', 'IUFEiU8v2q')
INSERT INTO warehouse.providers (id, name, phone, login, password) VALUES (17, 'В-МИН', '230725159', 'TYqZhaujLA', 'aDWtumd5eP')
INSERT INTO warehouse.providers (id, name, phone, login, password) VALUES (18, 'Озон', '193964410', 'grJjjArGRU', 'zryEhih9XW')
INSERT INTO warehouse.providers (id, name, phone, login, password) VALUES (19, 'BOIRON', '855951063', 'ToPqqNBwUC', 'XEvMKZqkaF')
INSERT INTO warehouse.providers (id, name, phone, login, password) VALUES (20, 'PolarPharm', '749474757', 'bInIMXTxmk', 'RWsOID4swT')
INSERT INTO warehouse.providers (id, name, phone, login, password) VALUES (21, 'СИЛМА', '723243612', 'WehzUUesBj', '3z7ujmvsTs')
INSERT INTO warehouse.providers (id, name, phone, login, password) VALUES (22, 'ВЕЛТ', '416847700', 'HkttGVnWyO', 'GLs3wCbCoY')
INSERT INTO warehouse.providers (id, name, phone, login, password) VALUES (23, 'Гигиена-Сервис', '468495874', 'WLKviZgMbS', 'aGkha3XCfK')
INSERT INTO warehouse.providers (id, name, phone, login, password) VALUES (24, 'ДДД', '670878739', 'pDdZMRkCWW', 'N0BMO1kttM')
INSERT INTO warehouse.providers (id, name, phone, login, password) VALUES (25, 'Диафарм', '859176220', 'TkWZkArEiu', 'sfggJ3jTSB')
INSERT INTO warehouse.providers (id, name, phone, login, password) VALUES (26, 'Ф-Синтез', '562209772', 'LRqdCmobLs', 'HfashavWso')

--products
INSERT INTO warehouse.product (id, name, description, provider_id) VALUES (1, 'Азитромицин', 'Таблетки, капсулы, порошок для приготовления суспензии', 1)
INSERT INTO warehouse.product (id, name, description, provider_id) VALUES (2, 'Алюминия гидроксид/магния гидроксид', 'Суспензия', 2)
INSERT INTO warehouse.product (id, name, description, provider_id) VALUES (3, 'Алюминия фосфат', 'Суспензия', 3)
INSERT INTO warehouse.product (id, name, description, provider_id) VALUES (4, 'Амиодарон', 'Таблетки', 4)
INSERT INTO warehouse.product (id, name, description, provider_id) VALUES (5, 'Амлодипин', 'Таблетки', 5)
INSERT INTO warehouse.product (id, name, description, provider_id) VALUES (6, 'Аммоний', 'Раствор', 6)
INSERT INTO warehouse.product (id, name, description, provider_id) VALUES (7, 'Амоксициллин', 'Таблетки, капсулы, порошок для приготовления суспензии', 7)
INSERT INTO warehouse.product (id, name, description, provider_id) VALUES (8, 'Ампициллин', 'Таблетки', 8)
INSERT INTO warehouse.product (id, name, description, provider_id) VALUES (9, 'Атенолол', 'Таблетки', 9)
INSERT INTO warehouse.product (id, name, description, provider_id) VALUES (10, 'Аторвастатин', 'Таблетки', 10)
INSERT INTO warehouse.product (id, name, description, provider_id) VALUES (11, 'Ацетилсалициловая кислота', '5г;Таблетки п/о 75мг', 11)
INSERT INTO warehouse.product (id, name, description, provider_id) VALUES (12, 'Ацетилцистеин', 'порошок для приготовления раствора для приема внутрь', 12)
INSERT INTO warehouse.product (id, name, description, provider_id) VALUES (13, 'Ацикловир', 'Таблетки', 13)
INSERT INTO warehouse.product (id, name, description, provider_id) VALUES (14, 'Бензилбензоат', 'Мазь', 14)
INSERT INTO warehouse.product (id, name, description, provider_id) VALUES (15, 'Бетаметазон', 'Мазь', 15)
INSERT INTO warehouse.product (id, name, description, provider_id) VALUES (16, 'Биеносилим', 'Капсулы', 16)
INSERT INTO warehouse.product (id, name, description, provider_id) VALUES (17, 'Биофлор	', 'Раствор для внутреннего применения	', 17)
INSERT INTO warehouse.product (id, name, description, provider_id) VALUES (18, 'Бисакодил', 'Таблетки', 18)
INSERT INTO warehouse.product (id, name, description, provider_id) VALUES (19, 'Борная кислота	', 'Раствор спиртовой для наружного применения', 19)
INSERT INTO warehouse.product (id, name, description, provider_id) VALUES (20, 'Гентамицин', 'Глазные капли, мазь, раствор для инъекций', 20)
INSERT INTO warehouse.product (id, name, description, provider_id) VALUES (21, 'Гепарин', 'Гель, мазь', 21)
INSERT INTO warehouse.product (id, name, description, provider_id) VALUES (22, 'Глицин', 'Таблетки', 22)
INSERT INTO warehouse.product (id, name, description, provider_id) VALUES (23, 'Диавитол', 'Гель, раствор для инъекций', 23)
INSERT INTO warehouse.product (id, name, description, provider_id) VALUES (24, 'Диклофенак', 'Гель (эмульгель), глазные капли, таблетки, мазь, раствор для инъекций', 24)
INSERT INTO warehouse.product (id, name, description, provider_id) VALUES (25, 'Ибупрофен', 'Таблетки (капсулы), крем (мазь, гель)', 25)
INSERT INTO warehouse.product (id, name, description, provider_id) VALUES (26, 'Индапамид', 'Таблетки 2,5мг, таблетки пролонгированного действия, п/о 1,5мг', 26)
INSERT INTO warehouse.product (id, name, description, provider_id) VALUES (27, 'Калия перманганат', 'Порошок для приготовления раствора для местного и наружного применения', 1)
INSERT INTO warehouse.product (id, name, description, provider_id) VALUES (28, 'Кеторолак', 'Таблетки, раствор для иньекций', 2)
INSERT INTO warehouse.product (id, name, description, provider_id) VALUES (29, 'Корвалол', 'Капли для перорального применения	', 3)
INSERT INTO warehouse.product (id, name, description, provider_id) VALUES (30, 'Лактулоза', 'Сироп', 4)
INSERT INTO warehouse.product (id, name, description, provider_id) VALUES (31, 'Лизиноприл', 'Таблетки', 5)
INSERT INTO warehouse.product (id, name, description, provider_id) VALUES (32, 'Лоперамид', 'Капсулы', 6)
INSERT INTO warehouse.product (id, name, description, provider_id) VALUES (33, 'Мельдоний', 'Капсулы, раствор для инъекций', 7)
INSERT INTO warehouse.product (id, name, description, provider_id) VALUES (34, 'Нимесулид', 'Таблетки, гель, порошок для приготовления суспензии для внутреннего применения', 8)
INSERT INTO warehouse.product (id, name, description, provider_id) VALUES (35, 'Парацетамол', 'Таблетки', 9)
INSERT INTO warehouse.product (id, name, description, provider_id) VALUES (36, 'Периндоприл', 'Капсулы', 10)
INSERT INTO warehouse.product (id, name, description, provider_id) VALUES (37, 'Тербинафин', 'Гель, раствор для наружного прим., спрей', 11)
INSERT INTO warehouse.product (id, name, description, provider_id) VALUES (38, 'Троксерутин', 'Таблетки', 12)
INSERT INTO warehouse.product (id, name, description, provider_id) VALUES (39, 'Фамотидин', 'Таблетки', 13)
INSERT INTO warehouse.product (id, name, description, provider_id) VALUES (40, 'Флуконазол', 'Таблетки', 14)
INSERT INTO warehouse.product (id, name, description, provider_id) VALUES (41, 'Фуразолидон', 'Таблетки', 15)
INSERT INTO warehouse.product (id, name, description, provider_id) VALUES (42, 'Хлорамфеникол', 'Таблетки', 16)
INSERT INTO warehouse.product (id, name, description, provider_id) VALUES (43, 'Хондроксид', 'Мазь', 17)
INSERT INTO warehouse.product (id, name, description, provider_id) VALUES (44, 'Церебролизат', 'Раствор для инъекций	', 18)
INSERT INTO warehouse.product (id, name, description, provider_id) VALUES (45, 'Циннаризин', 'Таблетки', 19)
INSERT INTO warehouse.product (id, name, description, provider_id) VALUES (46, 'Эритромицин', 'Таблетки', 20)
INSERT INTO warehouse.product (id, name, description, provider_id) VALUES (47, 'Эуфиллин', 'Капсулы', 21)
INSERT INTO warehouse.product (id, name, description, provider_id) VALUES (48, 'Эссенцикапс', 'Таблетки', 22)
INSERT INTO warehouse.product (id, name, description, provider_id) VALUES (49, 'Эссенциглив', 'Таблетки', 23)
INSERT INTO warehouse.product (id, name, description, provider_id) VALUES (50, 'Унопрост', 'Капсулы', 24)


--warehouse
UPDATE warehouse.pharmacy_warehouse t SET t.available_number_of_products = 181 WHERE t.id = 82
UPDATE warehouse.pharmacy_warehouse t SET t.available_number_of_products = 216 WHERE t.id = 59
UPDATE warehouse.pharmacy_warehouse t SET t.available_number_of_products = 229 WHERE t.id = 54
UPDATE warehouse.pharmacy_warehouse t SET t.available_number_of_products = 94 WHERE t.id = 60
UPDATE warehouse.pharmacy_warehouse t SET t.available_number_of_products = 280 WHERE t.id = 83
UPDATE warehouse.pharmacy_warehouse t SET t.available_number_of_products = 186 WHERE t.id = 68
UPDATE warehouse.pharmacy_warehouse t SET t.available_number_of_products = 22 WHERE t.id = 70
UPDATE warehouse.pharmacy_warehouse t SET t.available_number_of_products = 26 WHERE t.id = 79
UPDATE warehouse.pharmacy_warehouse t SET t.available_number_of_products = 230 WHERE t.id = 62
UPDATE warehouse.pharmacy_warehouse t SET t.available_number_of_products = 98 WHERE t.id = 81
UPDATE warehouse.pharmacy_warehouse t SET t.available_number_of_products = 70 WHERE t.id = 52
UPDATE warehouse.pharmacy_warehouse t SET t.available_number_of_products = 294 WHERE t.id = 67
UPDATE warehouse.pharmacy_warehouse t SET t.available_number_of_products = 259 WHERE t.id = 73
UPDATE warehouse.pharmacy_warehouse t SET t.available_number_of_products = 42 WHERE t.id = 88
UPDATE warehouse.pharmacy_warehouse t SET t.available_number_of_products = 160 WHERE t.id = 71
UPDATE warehouse.pharmacy_warehouse t SET t.available_number_of_products = 185 WHERE t.id = 77
UPDATE warehouse.pharmacy_warehouse t SET t.available_number_of_products = 76 WHERE t.id = 78
UPDATE warehouse.pharmacy_warehouse t SET t.available_number_of_products = 173 WHERE t.id = 63
UPDATE warehouse.pharmacy_warehouse t SET t.available_number_of_products = 249 WHERE t.id = 84
UPDATE warehouse.pharmacy_warehouse t SET t.available_number_of_products = 183 WHERE t.id = 51
UPDATE warehouse.pharmacy_warehouse t SET t.available_number_of_products = 48 WHERE t.id = 74
UPDATE warehouse.pharmacy_warehouse t SET t.available_number_of_products = 182 WHERE t.id = 57
UPDATE warehouse.pharmacy_warehouse t SET t.available_number_of_products = 251 WHERE t.id = 89
UPDATE warehouse.pharmacy_warehouse t SET t.available_number_of_products = 294 WHERE t.id = 55
UPDATE warehouse.pharmacy_warehouse t SET t.available_number_of_products = 154 WHERE t.id = 66
UPDATE warehouse.pharmacy_warehouse t SET t.available_number_of_products = 292 WHERE t.id = 80
UPDATE warehouse.pharmacy_warehouse t SET t.available_number_of_products = 64 WHERE t.id = 69
UPDATE warehouse.pharmacy_warehouse t SET t.available_number_of_products = 74 WHERE t.id = 76
UPDATE warehouse.pharmacy_warehouse t SET t.available_number_of_products = 168 WHERE t.id = 75
UPDATE warehouse.pharmacy_warehouse t SET t.available_number_of_products = 52 WHERE t.id = 53
UPDATE warehouse.pharmacy_warehouse t SET t.available_number_of_products = 75 WHERE t.id = 72
UPDATE warehouse.pharmacy_warehouse t SET t.available_number_of_products = 22 WHERE t.id = 86
UPDATE warehouse.pharmacy_warehouse t SET t.available_number_of_products = 2 WHERE t.id = 87
UPDATE warehouse.pharmacy_warehouse t SET t.available_number_of_products = 152 WHERE t.id = 61
UPDATE warehouse.pharmacy_warehouse t SET t.available_number_of_products = 4 WHERE t.id = 58
UPDATE warehouse.pharmacy_warehouse t SET t.available_number_of_products = 226 WHERE t.id = 90
UPDATE warehouse.pharmacy_warehouse t SET t.available_number_of_products = 258 WHERE t.id = 85
UPDATE warehouse.pharmacy_warehouse t SET t.available_number_of_products = 212 WHERE t.id = 56
UPDATE warehouse.pharmacy_warehouse t SET t.available_number_of_products = 198 WHERE t.id = 64
UPDATE warehouse.pharmacy_warehouse t SET t.available_number_of_products = 97 WHERE t.id = 65


--pharmacy_order
INSERT INTO warehouse.pharmacy_order (id, medical_id, order_position_count, created_at, status) VALUES (1, 1, 1, DEFAULT, DEFAULT)
INSERT INTO warehouse.pharmacy_order (id, medical_id, order_position_count, created_at, status) VALUES (2, 2, 2, DEFAULT, DEFAULT)
INSERT INTO warehouse.pharmacy_order (id, medical_id, order_position_count, created_at, status) VALUES (3, 3, 3, DEFAULT, DEFAULT)
INSERT INTO warehouse.pharmacy_order (id, medical_id, order_position_count, created_at, status) VALUES (4, 4, 2, DEFAULT, DEFAULT)
INSERT INTO warehouse.pharmacy_order (id, medical_id, order_position_count, created_at, status) VALUES (5, 5, 1, DEFAULT, DEFAULT)
INSERT INTO warehouse.pharmacy_order (id, medical_id, order_position_count, created_at, status) VALUES (6, 6, 2, DEFAULT, DEFAULT)
INSERT INTO warehouse.pharmacy_order (id, medical_id, order_position_count, created_at, status) VALUES (7, 7, 2, DEFAULT, DEFAULT)
INSERT INTO warehouse.pharmacy_order (id, medical_id, order_position_count, created_at, status) VALUES (8, 8, 2, DEFAULT, DEFAULT)
INSERT INTO warehouse.pharmacy_order (id, medical_id, order_position_count, created_at, status) VALUES (9, 9, 3, DEFAULT, DEFAULT)
INSERT INTO warehouse.pharmacy_order (id, medical_id, order_position_count, created_at, status) VALUES (10, 10, 2, DEFAULT, DEFAULT)
INSERT INTO warehouse.pharmacy_order (id, medical_id, order_position_count, created_at, status) VALUES (11, 11, 1, DEFAULT, DEFAULT)
INSERT INTO warehouse.pharmacy_order (id, medical_id, order_position_count, created_at, status) VALUES (12, 12, 2, DEFAULT, DEFAULT)
INSERT INTO warehouse.pharmacy_order (id, medical_id, order_position_count, created_at, status) VALUES (13, 13, 3, DEFAULT, DEFAULT)
INSERT INTO warehouse.pharmacy_order (id, medical_id, order_position_count, created_at, status) VALUES (14, 14, 1, DEFAULT, DEFAULT)
INSERT INTO warehouse.pharmacy_order (id, medical_id, order_position_count, created_at, status) VALUES (15, 15, 2, DEFAULT, DEFAULT)
INSERT INTO warehouse.pharmacy_order (id, medical_id, order_position_count, created_at, status) VALUES (16, 16, 1, DEFAULT, DEFAULT)
INSERT INTO warehouse.pharmacy_order (id, medical_id, order_position_count, created_at, status) VALUES (17, 17, 3, DEFAULT, DEFAULT)
INSERT INTO warehouse.pharmacy_order (id, medical_id, order_position_count, created_at, status) VALUES (18, 18, 3, DEFAULT, DEFAULT)
INSERT INTO warehouse.pharmacy_order (id, medical_id, order_position_count, created_at, status) VALUES (19, 19, 3, DEFAULT, DEFAULT)
INSERT INTO warehouse.pharmacy_order (id, medical_id, order_position_count, created_at, status) VALUES (20, 20, 1, DEFAULT, DEFAULT)
INSERT INTO warehouse.pharmacy_order (id, medical_id, order_position_count, created_at, status) VALUES (21, 21, 2, DEFAULT, DEFAULT)
INSERT INTO warehouse.pharmacy_order (id, medical_id, order_position_count, created_at, status) VALUES (22, 22, 2, DEFAULT, DEFAULT)
INSERT INTO warehouse.pharmacy_order (id, medical_id, order_position_count, created_at, status) VALUES (23, 23, 1, DEFAULT, DEFAULT)
INSERT INTO warehouse.pharmacy_order (id, medical_id, order_position_count, created_at, status) VALUES (24, 24, 2, DEFAULT, DEFAULT)
INSERT INTO warehouse.pharmacy_order (id, medical_id, order_position_count, created_at, status) VALUES (25, 25, 3, DEFAULT, DEFAULT)
INSERT INTO warehouse.pharmacy_order (id, medical_id, order_position_count, created_at, status) VALUES (26, 26, 1, DEFAULT, DEFAULT)



--order_position
INSERT INTO warehouse.order_position (id, product_id, number_of_product, medical_order_id, status) VALUES (1, 1, 41, 1, DEFAULT)
INSERT INTO warehouse.order_position (id, product_id, number_of_product, medical_order_id, status) VALUES (2, 2, 38, 2, DEFAULT)
INSERT INTO warehouse.order_position (id, product_id, number_of_product, medical_order_id, status) VALUES (3, 3, 170, 2, DEFAULT)
INSERT INTO warehouse.order_position (id, product_id, number_of_product, medical_order_id, status) VALUES (4, 4, 156, 3, DEFAULT)
INSERT INTO warehouse.order_position (id, product_id, number_of_product, medical_order_id, status) VALUES (5, 5, 45, 3, DEFAULT)
INSERT INTO warehouse.order_position (id, product_id, number_of_product, medical_order_id, status) VALUES (6, 6, 108, 3, DEFAULT)
INSERT INTO warehouse.order_position (id, product_id, number_of_product, medical_order_id, status) VALUES (7, 7, 154, 4, DEFAULT)
INSERT INTO warehouse.order_position (id, product_id, number_of_product, medical_order_id, status) VALUES (8, 8, 39, 4, DEFAULT)
INSERT INTO warehouse.order_position (id, product_id, number_of_product, medical_order_id, status) VALUES (9, 9, 35, 5, DEFAULT)
INSERT INTO warehouse.order_position (id, product_id, number_of_product, medical_order_id, status) VALUES (10, 10, 44, 6, DEFAULT)
INSERT INTO warehouse.order_position (id, product_id, number_of_product, medical_order_id, status) VALUES (11, 11, 5, 6, DEFAULT)
INSERT INTO warehouse.order_position (id, product_id, number_of_product, medical_order_id, status) VALUES (12, 12, 18, 7, DEFAULT)
INSERT INTO warehouse.order_position (id, product_id, number_of_product, medical_order_id, status) VALUES (13, 13, 181, 7, DEFAULT)
INSERT INTO warehouse.order_position (id, product_id, number_of_product, medical_order_id, status) VALUES (14, 14, 182, 8, DEFAULT)
INSERT INTO warehouse.order_position (id, product_id, number_of_product, medical_order_id, status) VALUES (15, 15, 38, 8, DEFAULT)
INSERT INTO warehouse.order_position (id, product_id, number_of_product, medical_order_id, status) VALUES (16, 16, 89, 9, DEFAULT)
INSERT INTO warehouse.order_position (id, product_id, number_of_product, medical_order_id, status) VALUES (17, 17, 173, 9, DEFAULT)
INSERT INTO warehouse.order_position (id, product_id, number_of_product, medical_order_id, status) VALUES (18, 18, 197, 9, DEFAULT)
INSERT INTO warehouse.order_position (id, product_id, number_of_product, medical_order_id, status) VALUES (19, 19, 48, 10, DEFAULT)
INSERT INTO warehouse.order_position (id, product_id, number_of_product, medical_order_id, status) VALUES (20, 20, 133, 10, DEFAULT)
INSERT INTO warehouse.order_position (id, product_id, number_of_product, medical_order_id, status) VALUES (21, 21, 85, 11, DEFAULT)
INSERT INTO warehouse.order_position (id, product_id, number_of_product, medical_order_id, status) VALUES (22, 22, 1, 12, DEFAULT)
INSERT INTO warehouse.order_position (id, product_id, number_of_product, medical_order_id, status) VALUES (23, 23, 183, 12, DEFAULT)
INSERT INTO warehouse.order_position (id, product_id, number_of_product, medical_order_id, status) VALUES (24, 24, 78, 13, DEFAULT)
INSERT INTO warehouse.order_position (id, product_id, number_of_product, medical_order_id, status) VALUES (25, 25, 188, 13, DEFAULT)
INSERT INTO warehouse.order_position (id, product_id, number_of_product, medical_order_id, status) VALUES (26, 26, 42, 13, DEFAULT)
INSERT INTO warehouse.order_position (id, product_id, number_of_product, medical_order_id, status) VALUES (27, 27, 94, 14, DEFAULT)
INSERT INTO warehouse.order_position (id, product_id, number_of_product, medical_order_id, status) VALUES (28, 28, 172, 15, DEFAULT)
INSERT INTO warehouse.order_position (id, product_id, number_of_product, medical_order_id, status) VALUES (29, 29, 43, 15, DEFAULT)
INSERT INTO warehouse.order_position (id, product_id, number_of_product, medical_order_id, status) VALUES (30, 30, 194, 16, DEFAULT)
INSERT INTO warehouse.order_position (id, product_id, number_of_product, medical_order_id, status) VALUES (31, 31, 108, 17, DEFAULT)
INSERT INTO warehouse.order_position (id, product_id, number_of_product, medical_order_id, status) VALUES (32, 32, 191, 17, DEFAULT)
INSERT INTO warehouse.order_position (id, product_id, number_of_product, medical_order_id, status) VALUES (33, 33, 6, 17, DEFAULT)
INSERT INTO warehouse.order_position (id, product_id, number_of_product, medical_order_id, status) VALUES (34, 34, 32, 18, DEFAULT)
INSERT INTO warehouse.order_position (id, product_id, number_of_product, medical_order_id, status) VALUES (35, 35, 102, 18, DEFAULT)
INSERT INTO warehouse.order_position (id, product_id, number_of_product, medical_order_id, status) VALUES (36, 36, 19, 18, DEFAULT)
INSERT INTO warehouse.order_position (id, product_id, number_of_product, medical_order_id, status) VALUES (37, 37, 186, 19, DEFAULT)
INSERT INTO warehouse.order_position (id, product_id, number_of_product, medical_order_id, status) VALUES (38, 38, 132, 19, DEFAULT)
INSERT INTO warehouse.order_position (id, product_id, number_of_product, medical_order_id, status) VALUES (39, 39, 76, 19, DEFAULT)
INSERT INTO warehouse.order_position (id, product_id, number_of_product, medical_order_id, status) VALUES (40, 40, 159, 20, DEFAULT)
INSERT INTO warehouse.order_position (id, product_id, number_of_product, medical_order_id, status) VALUES (41, 41, 118, 21, DEFAULT)
INSERT INTO warehouse.order_position (id, product_id, number_of_product, medical_order_id, status) VALUES (42, 42, 92, 21, DEFAULT)
INSERT INTO warehouse.order_position (id, product_id, number_of_product, medical_order_id, status) VALUES (43, 43, 39, 22, DEFAULT)
INSERT INTO warehouse.order_position (id, product_id, number_of_product, medical_order_id, status) VALUES (44, 44, 6, 22, DEFAULT)
INSERT INTO warehouse.order_position (id, product_id, number_of_product, medical_order_id, status) VALUES (45, 45, 75, 23, DEFAULT)
INSERT INTO warehouse.order_position (id, product_id, number_of_product, medical_order_id, status) VALUES (46, 46, 4, 24, DEFAULT)
INSERT INTO warehouse.order_position (id, product_id, number_of_product, medical_order_id, status) VALUES (47, 47, 100, 24, DEFAULT)
INSERT INTO warehouse.order_position (id, product_id, number_of_product, medical_order_id, status) VALUES (48, 48, 135, 25, DEFAULT)
INSERT INTO warehouse.order_position (id, product_id, number_of_product, medical_order_id, status) VALUES (49, 49, 100, 25, DEFAULT)
INSERT INTO warehouse.order_position (id, product_id, number_of_product, medical_order_id, status) VALUES (50, 50, 46, 25, DEFAULT)
INSERT INTO warehouse.order_position (id, product_id, number_of_product, medical_order_id, status) VALUES (51, 1, 82, 26, DEFAULT)


